helyseg;iranyitoszam
Aba;8127
Abaliget;7678
Abasár;3261
Abaújalpár;3882
Abaújkér;3882
Abaújlak;3815
Abaújszolnok;3809
Abaújszántó;3881
Abaújvár;3898
Abda;9151
Abod;3753
Abony;2740
Abádszalók;5241
Acsa;2683
Acsalag;9168
Acsád;9746
Adony;2457
Adorjánháza;8497
Adorjás;7841
Adács;3292
Adásztevel;8561
Aggtelek;3759
Agyagosszergény;9441
Ajak;4524
Ajka;8400
Ajka;8447
Ajka;8448
Ajka;8451
Aka;2862
Akasztó;6221
Alacska;3779
Alap;7011
Alattyán;5142
Albertirsa;2730
Alcsútdoboz;8087
Aldebrő;3353
Algyő;6750
Alibánfa;8921
Almamellék;7934
Almásfüzitő;2931
Almásháza;8935
Almáskamarás;5747
Almáskeresztúr;7932
Alsóberecki;3985
Alsóbogát;7443
Alsódobsza;3717
Alsógagy;3837
Alsómocsolád;7345
Alsónemesapáti;8924
Alsónyék;7148
Alsónána;7147
Alsónémedi;2351
Alsópetény;2617
Alsópáhok;8394
Alsórajk;8767
Alsóregmec;3989
Alsószenterzsébet;8973
Alsószentiván;7012
Alsószentmárton;7826
Alsószuha;3726
Alsószölnök;9983
Alsótelekes;3735
Alsótold;3069
Alsóvadász;3811
Alsózsolca;3571
Alsóörs;8226
Alsóújlak;9842
Ambrózfalva;6916
Anarcs;4546
Andocs;8675
Andornaktálya;3399
Andrásfa;9811
Annavölgy;2529
Apagy;4553
Apaj;2345
Aparhant;7186
Apc;3032
Apostag;6088
Apácatorna;8477
Apátfalva;6931
Apátistvánfalva;9982
Apátvarasd;7720
Aranyosapáti;4634
Aranyosgadány;7671
Arka;3885
Arló;3663
Arnót;3713
Aszaló;3841
Aszód;2170
Aszófő;8241
Atkár;3213
Attala;7252
Babarc;7757
Babarcszőlős;7814
Babosdöbréte;8983
Babócsa;7584
Babót;9351
Badacsonytomaj;8257
Badacsonytomaj;8258
Badacsonytomaj;8261
Badacsonytördemic;8263
Bag;2191
Bagamér;4286
Baglad;8977
Bagod;8992
Baj;2836
Baja;6500
Baja;6503
Bajna;2525
Bajánsenye;9944
Bajót;2533
Bak;8945
Bakháza;7585
Bakonszeg;4164
Bakonya;7675
Bakonybánk;2885
Bakonybél;8427
Bakonycsernye;8056
Bakonygyirót;8433
Bakonyjákó;8581
Bakonykoppány;8571
Bakonykúti;8046
Bakonynána;8422
Bakonyoszlop;8418
Bakonypéterd;9088
Bakonypölöske;8457
Bakonyszentiván;8557
Bakonyszentkirály;8430
Bakonyszentlászló;8431
Bakonyszombathely;2884
Bakonyszücs;8572
Bakonyság;8557
Bakonysárkány;2861
Bakonytamási;8555
Baks;6768
Baksa;7834
Baktakék;3836
Baktalórántháza;4561
Baktüttös;8946
Bakóca;7393
Balajt;3780
Balassagyarmat;2660
Balaton;3347
Balatonakali;8243
Balatonakarattya;8172
Balatonalmádi;8220
Balatonberény;8649
Balatonboglár;8630
Balatonboglár;8691
Balatoncsicsó;8272
Balatonederics;8312
Balatonendréd;8613
Balatonfenyves;8646
Balatonföldvár;8623
Balatonfüred;8230
Balatonfőkajár;8164
Balatonfűzfő;8175
Balatonfűzfő;8184
Balatongyörök;8313
Balatonhenye;8275
Balatonkenese;8174
Balatonkeresztúr;8648
Balatonlelle;8638
Balatonmagyaród;8753
Balatonmáriafürdő;8647
Balatonrendes;8255
Balatonszabadi;8651
Balatonszemes;8636
Balatonszentgyörgy;8710
Balatonszepezd;8252
Balatonszárszó;8624
Balatonszőlős;8233
Balatonudvari;8242
Balatonvilágos;8171
Balatonújlak;8712
Balatonőszöd;8637
Balinka;8054
Balinka;8055
Balkány;4233
Ballószög;6035
Balmazújváros;4060
Balogunyom;9771
Balotaszállás;6412
Balsa;4468
Balástya;6764
Bana;2944
Barabás;4937
Baracs;2426
Baracs;2427
Baracska;2471
Baranyahídvég;7841
Baranyajenő;7384
Baranyaszentgyörgy;7383
Barbacs;9169
Barcs;7557
Barcs;7570
Barlahida;8948
Barnag;8291
Basal;7923
Baskó;3881
Battonya;5830
Batyk;8797
Baté;7258
Bazsi;8352
Becsehely;8866
Becske;2693
Becskeháza;3768
Becsvölgye;8985
Bedegkér;8666
Bedő;4128
Bejcgyertyános;9683
Bekecs;3903
Bekölce;3343
Belecska;7061
Beled;9343
Beleg;7543
Belezna;8855
Beloiannisz;2455
Belsősárd;8978
Belvárdgyula;7747
Benk;4643
Bercel;2687
Beregdaróc;4934
Beregsurány;4933
Berekböszörmény;4116
Berekfürdő;5309
Beremend;7827
Berente;3704
Beret;3834
Berettyóújfalu;4100
Berhida;8181
Berhida;8182
Berkenye;2641
Berkesd;7664
Berkesz;4521
Bernecebaráti;2639
Berzence;7516
Berzék;3575
Besence;7838
Besenyszög;5071
Besenyőd;4557
Besenyőtelek;3373
Besnyő;2456
Beszterec;4488
Bezedek;7782
Bezenye;9223
Bezeréd;8934
Bezi;9162
Biatorbágy;2051
Bicske;2060
Bicsérd;7671
Bihardancsháza;4175
Biharkeresztes;4110
Biharnagybajom;4172
Bihartorda;4174
Biharugra;5538
Bikal;7346
Bikács;7043
Biri;4235
Birján;7747
Bisse;7811
Boba;9542
Bocfölde;8943
Boconád;3368
Bocska;8776
Bocskaikert;4241
Boda;7672
Bodajk;8053
Bodmér;8080
Bodolyabér;7394
Bodonhely;9134
Bodony;3243
Bodorfa;8471
Bodrog;7439
Bodroghalom;3987
Bodrogkeresztúr;3916
Bodrogkisfalud;3917
Bodrogolaszi;3943
Bogdása;7966
Bogyiszló;7132
Bogyoszló;9324
Bogács;3412
Bogád;7742
Bogádmindszent;7836
Bojt;4114
Bokod;2855
Bokor;3066
Boldog;3016
Boldogasszonyfa;7937
Boldogkőváralja;3885
Boldogkőújfalu;3884
Boldva;3794
Bolhás;7517
Bolhó;7586
Boncodfölde;8992
Bonnya;7281
Bonyhád;7150
Bonyhád;7187
Bonyhádvarasd;7158
Bordány;6795
Borgáta;9554
Borjád;7756
Borota;6445
Borsfa;8885
Borsodbóta;3658
Borsodgeszt;3426
Borsodivánka;3462
Borsodnádasd;3671
Borsodnádasd;3672
Borsodszentgyörgy;3623
Borsodszirák;3796
Borsosberény;2644
Borszörcsök;8479
Borzavár;8428
Bosta;7811
Botpalád;4955
Botykapeterd;7900
Bozsok;9727
Bozzai;9752
Bucsa;5527
Bucsu;9792
Bucsuta;8893
Budajenő;2093
Budakalász;2011
Budakeszi;2092
Budapest 01. ker.;1011
Budapest 01. ker.;1012
Budapest 01. ker.;1013
Budapest 01. ker.;1014
Budapest 01. ker.;1015
Budapest 01. ker.;1016
Budapest 02. ker.;1021
Budapest 02. ker.;1022
Budapest 02. ker.;1023
Budapest 02. ker.;1024
Budapest 02. ker.;1025
Budapest 02. ker.;1026
Budapest 02. ker.;1027
Budapest 02. ker.;1028
Budapest 02. ker.;1029
Budapest 03. ker.;1031
Budapest 03. ker.;1032
Budapest 03. ker.;1033
Budapest 03. ker.;1034
Budapest 03. ker.;1035
Budapest 03. ker.;1036
Budapest 03. ker.;1037
Budapest 03. ker.;1038
Budapest 03. ker.;1039
Budapest 04. ker.;1041
Budapest 04. ker.;1042
Budapest 04. ker.;1043
Budapest 04. ker.;1044
Budapest 04. ker.;1045
Budapest 04. ker.;1046
Budapest 04. ker.;1047
Budapest 04. ker.;1048
Budapest 05. ker.;1051
Budapest 05. ker.;1052
Budapest 05. ker.;1053
Budapest 05. ker.;1054
Budapest 05. ker.;1055
Budapest 05. ker.;1056
Budapest 06. ker.;1061
Budapest 06. ker.;1062
Budapest 06. ker.;1063
Budapest 06. ker.;1064
Budapest 06. ker.;1065
Budapest 06. ker.;1066
Budapest 06. ker.;1067
Budapest 06. ker.;1068
Budapest 07. ker.;1071
Budapest 07. ker.;1072
Budapest 07. ker.;1073
Budapest 07. ker.;1074
Budapest 07. ker.;1075
Budapest 07. ker.;1076
Budapest 07. ker.;1077
Budapest 07. ker.;1078
Budapest 08. ker.;1081
Budapest 08. ker.;1082
Budapest 08. ker.;1083
Budapest 08. ker.;1084
Budapest 08. ker.;1085
Budapest 08. ker.;1086
Budapest 08. ker.;1087
Budapest 08. ker.;1088
Budapest 08. ker.;1089
Budapest 09. ker.;1091
Budapest 09. ker.;1092
Budapest 09. ker.;1093
Budapest 09. ker.;1094
Budapest 09. ker.;1095
Budapest 09. ker.;1096
Budapest 09. ker.;1097
Budapest 09. ker.;1098
Budapest 10. ker.;1101
Budapest 10. ker.;1102
Budapest 10. ker.;1103
Budapest 10. ker.;1104
Budapest 10. ker.;1105
Budapest 10. ker.;1106
Budapest 10. ker.;1107
Budapest 10. ker.;1108
Budapest 11. ker.;1111
Budapest 11. ker.;1112
Budapest 11. ker.;1113
Budapest 11. ker.;1114
Budapest 11. ker.;1115
Budapest 11. ker.;1116
Budapest 11. ker.;1117
Budapest 11. ker.;1118
Budapest 11. ker.;1119
Budapest 12. ker.;1121
Budapest 12. ker.;1122
Budapest 12. ker.;1123
Budapest 12. ker.;1124
Budapest 12. ker.;1125
Budapest 12. ker.;1126
Budapest 13. ker.;1007
Budapest 13. ker.;1131
Budapest 13. ker.;1132
Budapest 13. ker.;1133
Budapest 13. ker.;1134
Budapest 13. ker.;1135
Budapest 13. ker.;1136
Budapest 13. ker.;1137
Budapest 13. ker.;1138
Budapest 13. ker.;1139
Budapest 14. ker.;1141
Budapest 14. ker.;1142
Budapest 14. ker.;1143
Budapest 14. ker.;1144
Budapest 14. ker.;1145
Budapest 14. ker.;1146
Budapest 14. ker.;1147
Budapest 14. ker.;1148
Budapest 14. ker.;1149
Budapest 15. ker.;1151
Budapest 15. ker.;1152
Budapest 15. ker.;1153
Budapest 15. ker.;1154
Budapest 15. ker.;1155
Budapest 15. ker.;1156
Budapest 15. ker.;1157
Budapest 15. ker.;1158
Budapest 16. ker.;1161
Budapest 16. ker.;1162
Budapest 16. ker.;1163
Budapest 16. ker.;1164
Budapest 16. ker.;1165
Budapest 17. ker.;1171
Budapest 17. ker.;1172
Budapest 17. ker.;1173
Budapest 17. ker.;1174
Budapest 18. ker.;1181
Budapest 18. ker.;1182
Budapest 18. ker.;1183
Budapest 18. ker.;1184
Budapest 18. ker.;1185
Budapest 18. ker.;1186
Budapest 18. ker.;1188
Budapest 19. ker.;1191
Budapest 19. ker.;1192
Budapest 19. ker.;1193
Budapest 19. ker.;1194
Budapest 19. ker.;1195
Budapest 19. ker.;1196
Budapest 20. ker.;1201
Budapest 20. ker.;1202
Budapest 20. ker.;1203
Budapest 20. ker.;1204
Budapest 20. ker.;1205
Budapest 21. ker.;1211
Budapest 21. ker.;1212
Budapest 21. ker.;1213
Budapest 21. ker.;1214
Budapest 21. ker.;1215
Budapest 22. ker.;1221
Budapest 22. ker.;1222
Budapest 22. ker.;1223
Budapest 22. ker.;1224
Budapest 22. ker.;1225
Budapest 23. ker.;1237
Budapest 23. ker.;1238
Budapest 23. ker.;1239
Budaörs;2040
Bugac;6114
Bugacpusztaháza;6114
Bugyi;2347
Buj;4483
Buják;3047
Buzsák;8695
Bábolna;2943
Bábonymegyer;8658
Bácsalmás;6430
Bácsbokod;6453
Bácsborsód;6454
Bácsszentgyörgy;6511
Bácsszőlős;6425
Bágyogszovát;9145
Bálványos;8614
Bánd;8443
Bánfa;7914
Bánhorváti;3642
Bánk;2653
Bánokszentgyörgy;8891
Bánréve;3654
Bár;7711
Bárdudvarnok;7478
Bárna;3126
Bársonyos;2883
Báránd;4161
Báta;7149
Bátaapáti;7164
Bátaszék;7140
Bátmonostor;6528
Bátonyterenye;3070
Bátonyterenye;3078
Bátor;3336
Bátorliget;4343
Bátya;6351
Bázakerettye;8887
Béb;8565
Békás;8515
Békés;5630
Békéscsaba;5600
Békéscsaba;5623
Békéscsaba;5671
Békésszentandrás;5561
Békéssámson;5946
Bélapátfalva;3346
Bélavár;7589
Bélmegyer;5643
Bénye;2216
Bér;3045
Bérbaltavár;9831
Bócsa;6235
Bódvalenke;3768
Bódvarákó;3764
Bódvaszilas;3763
Bókaháza;8741
Bóly;7754
Bózsva;3994
Böde;8991
Bödeháza;8969
Bögöt;9612
Bögöte;9675
Böhönye;8719
Bököny;4231
Bölcske;7025
Börcs;9152
Börzönce;8772
Búcsúszentlászló;8925
Bük;9737
Bük;9740
Bükkaranyos;3554
Bükkmogyorósd;3648
Bükkszenterzsébet;3257
Bükkszentkereszt;3557
Bükkszentmárton;3346
Bükkszék;3335
Bükkzsérc;3414
Bükkábrány;3422
Bükkösd;7682
Bürüs;7973
Büssü;7273
Büttös;3821
Bő;9625
Bőcs;3574
Bőny;9073
Bőszénfa;7475
Bősárkány;9167
Cakóháza;9165
Cece;7013
Cegléd;2700
Cegléd;2738
Ceglédbercel;2737
Celldömölk;9500
Celldömölk;9541
Cered;3123
Chernelházadamonya;9624
Cibakháza;5462
Cigánd;3973
Cikó;7161
Cirák;9364
Csabacsűd;5551
Csabaszabadi;5609
Csabdi;2064
Csabrendek;8474
Csaholc;4967
Csajág;8163
Csanytelek;6647
Csanádalberti;6915
Csanádapáca;5662
Csanádpalota;6913
Csapi;8756
Csapod;9372
Csarnóta;7811
Csaroda;4844
Csataszög;5064
Csatka;2888
Csatár;8943
Csebény;7935
Csegöld;4742
Csehbánya;8445
Csehi;9833
Csehimindszent;9834
Csempeszkopács;9764
Csemő;2713
Csengele;6765
Csenger;4765
Csengersima;4743
Csengerújfalu;4764
Csengőd;6222
Csenyéte;3837
Csepreg;9735
Cserdi;7683
Cserháthaláp;2694
Cserhátsurány;2676
Cserhátszentiván;3066
Cserkeszőlő;5465
Cserkút;7673
Csernely;3648
Cserszegtomaj;8372
Csertalakos;8951
Csertő;7900
Cserénfa;7472
Cserépfalu;3413
Cserépváralja;3417
Csesznek;8419
Csesztreg;8973
Csesztve;2678
Csetény;8417
Csibrák;7225
Csikvánd;9127
Csikéria;6424
Csikóstőttős;7341
Csincse;3442
Csipkerek;9836
Csitár;2673
Csobaj;3927
Csobád;3848
Csobánka;2014
Csokonyavisonta;7555
Csokvaomány;3647
Csolnok;2521
Csoma;7253
Csombárd;7432
Csomád;2161
Csongrád;6640
Csongrád;6648
Csonkahegyhát;8918
Csonkamindszent;7940
Csopak;8229
Csorna;9168
Csorna;9300
Csorvás;5920
Csurgó;8840
Csurgónagymarton;8840
Csáfordjánosfa;9375
Csákberény;8073
Csákvár;8083
Csákány;8735
Csákánydoroszló;9919
Csánig;9654
Csány;3015
Csányoszró;7964
Csárdaszállás;5621
Császló;4973
Császár;2858
Császártöltés;6239
Csátalja;6523
Csávoly;6448
Csécse;3052
Csém;2949
Csénye;9611
Csép;2946
Csépa;5475
Csér;9375
Csévharaszt;2212
Csókakő;8074
Csólyospálos;6135
Csór;8041
Csót;8558
Csöde;8999
Csögle;8495
Csökmő;4145
Csököly;7526
Csömend;8700
Csömödér;8957
Csömör;2141
Csönge;9513
Csörnyeföld;8873
Csörög;2135
Csörötnek;9962
Csősz;8122
Csővár;2615
Cák;9725
Cégénydányád;4732
Cún;7843
Dabas;2370
Dabas;2371
Dabas;2373
Dabronc;8345
Dabrony;8485
Dad;2854
Dalmand;7211
Damak;3780
Daraboshegy;9917
Darnó;4737
Darnózseli;9232
Daruszentmiklós;2423
Darvas;4144
Darány;7988
Debercsény;2694
Debrecen;4000
Debrecen;4002
Debrecen;4024
Debrecen;4025
Debrecen;4026
Debrecen;4027
Debrecen;4028
Debrecen;4029
Debrecen;4030
Debrecen;4031
Debrecen;4032
Debrecen;4033
Debrecen;4034
Debrecen;4042
Debrecen;4063
Debrecen;4078
Debrecen;4079
Debrecen;4225
Debréte;3825
Decs;7144
Dejtár;2649
Demecser;4516
Demjén;3395
Dencsháza;7915
Derecske;4130
Derekegyház;6621
Deszk;6772
Detek;3834
Detk;3275
Devecser;8460
Dinnyeberki;7683
Diósberény;7072
Diósd;2049
Diósjenő;2643
Dióskál;8764
Diósviszló;7817
Doba;8482
Doboz;5624
Dobri;8874
Dobronhegy;8989
Domaháza;3627
Domaszék;6781
Dombegyház;5836
Dombiratos;5745
Dombrád;4492
Dombóvár;7200
Domony;2182
Domoszló;3263
Dormánd;3374
Dorog;2510
Dorogháza;3153
Dozmat;9791
Drágszél;6342
Drávacsehi;7849
Drávacsepely;7846
Drávafok;7967
Drávagárdony;7977
Drávaiványi;7960
Drávakeresztúr;7967
Drávapalkonya;7850
Drávapiski;7843
Drávaszabolcs;7851
Drávaszerdahely;7847
Drávasztára;7960
Drávatamási;7979
Drégelypalánk;2646
Dubicsány;3635
Dudar;8416
Duka;9556
Dunaalmás;2545
Dunabogdány;2023
Dunaegyháza;6323
Dunafalva;6513
Dunaföldvár;7020
Dunaharaszti;2330
Dunakeszi;2120
Dunakiliti;9225
Dunapataj;6328
Dunaremete;9235
Dunaszeg;9174
Dunaszekcső;7712
Dunaszentbenedek;6333
Dunaszentgyörgy;7135
Dunaszentmiklós;2897
Dunaszentpál;9175
Dunasziget;9226
Dunatetétlen;6325
Dunavarsány;2336
Dunavecse;6087
Dunaújváros;2400
Dunaújváros;2407
Dusnok;6353
Dág;2522
Dáka;8592
Dámóc;3978
Dánszentmiklós;2735
Dány;2118
Dávod;6524
Dédestapolcsány;3643
Dég;8135
Délegyháza;2337
Dénesfa;9365
Dévaványa;5510
Dóc;6766
Döbröce;8357
Döbrököz;7228
Döbrönte;8597
Döbörhegy;9914
Döge;4495
Dömsöd;2344
Dömös;2027
Dör;9147
Dörgicse;8244
Döröske;9913
Dötk;8799
Dövény;3721
Dúzs;7224
Ebergőc;9451
Ebes;4211
Ecseg;3053
Ecsegfalva;5515
Ecseny;7457
Ecser;2233
Ecséd;3013
Edde;7443
Edelény;3780
Edelény;3783
Edve;9343
Eger;3300
Egeralja;8497
Egeraracsa;8765
Egerbakta;3321
Egerbocs;3337
Egercsehi;3341
Egerfarmos;3379
Egerlövő;3461
Egerszalók;3394
Egerszólát;3328
Egervár;8913
Egervölgy;9684
Egerág;7763
Egyed;9314
Egyek;4067
Egyek;4069
Egyházasdengeleg;3043
Egyházasfalu;9473
Egyházasgerge;3185
Egyházasharaszti;7824
Egyházashetye;9554
Egyházashollós;9781
Egyházaskesző;8523
Egyházaskozár;7347
Egyházasrádóc;9783
Elek;5742
Ellend;7744
Előszállás;2424
Emőd;3432
Encs;3860
Encsencs;4374
Endrefalva;3165
Endrőc;7973
Enese;9143
Enying;8130
Enying;8131
Eperjes;6624
Eperjeske;4646
Eplény;8413
Epöl;2526
Ercsi;2451
Ercsi;2453
Erdőbénye;3932
Erdőhorváti;3935
Erdőkertes;2113
Erdőkövesd;3252
Erdőkürt;2176
Erdősmecske;7723
Erdősmárok;7735
Erdőtarcsa;2177
Erdőtelek;3358
Erk;3295
Erzsébet;7661
Eszteregnye;8882
Esztergom;2500
Esztergom;2508
Esztergom;2509
Esztergályhorváti;8742
Esztár;4124
Ete;2947
Etes;3136
Etyek;2091
Fadd;7133
Fajsz;6352
Fancsal;3855
Farkasgyepű;8582
Farkaslyuk;3608
Farmos;2765
Farád;9321
Fazekasboda;7732
Fedémes;3255
Fegyvernek;5213
Fegyvernek;5231
Fehérgyarmat;4900
Fehértó;9163
Fehérvárcsurgó;8052
Feked;7724
Feketeerdő;9211
Felcsút;8086
Feldebrő;3352
Felgyő;6645
Felpéc;9122
Felsőberecki;3985
Felsőcsatár;9794
Felsődobsza;3847
Felsőegerszeg;7370
Felsőgagy;3837
Felsőjánosfa;9934
Felsőkelecsény;3722
Felsőlajos;6055
Felsőmarác;9918
Felsőmocsolád;7456
Felsőnyárád;3721
Felsőnyék;7099
Felsőnána;7175
Felsőpakony;2363
Felsőpetény;2611
Felsőpáhok;8395
Felsőrajk;8767
Felsőregmec;3989
Felsőszenterzsébet;8973
Felsőszentiván;6447
Felsőszentmárton;7968
Felsőszölnök;9985
Felsőtelekes;3735
Felsőtold;3067
Felsőtárkány;3324
Felsővadász;3814
Felsőzsolca;3561
Felsőörs;8227
Fenyőfő;8432
Ferencszállás;6774
Fertőboz;9493
Fertőd;9431
Fertőd;9433
Fertőendréd;9442
Fertőhomok;9492
Fertőrákos;9421
Fertőszentmiklós;9444
Fertőszéplak;9436
Fiad;7282
Filkeháza;3994
Fityeház;8835
Foktő;6331
Folyás;4095
Fony;3893
Fonyód;8640
Fonó;7271
Forráskút;6793
Forró;3849
Fulókércs;3864
Furta;4141
Fábiánháza;4354
Fábiánsebestyén;6625
Fácánkert;7136
Fáj;3865
Fényeslitke;4621
Fót;2151
Földes;4177
Földeák;6922
Füle;8157
Fülesd;4964
Fülpösdaróc;4754
Fülöp;4266
Fülöpháza;6042
Fülöpjakab;6116
Fülöpszállás;6085
Fürged;7087
Füzesabony;3390
Füzesgyarmat;5525
Füzér;3996
Füzérkajata;3994
Füzérkomlós;3997
Füzérradvány;3993
Főnyed;8732
Fűzvölgy;8777
Gacsály;4972
Gadna;3815
Gadács;7276
Gadány;8715
Gagyapáti;3837
Gagybátor;3817
Gagyvendégi;3816
Galambok;8754
Galgaguta;2686
Galgagyörk;2681
Galgahévíz;2193
Galgamácsa;2183
Galvács;3752
Gamás;8685
Ganna;8597
Gara;6522
Garabonc;8747
Garadna;3873
Garbolc;4976
Garáb;3067
Garé;7812
Gasztony;9952
Gecse;8543
Gelej;3444
Gellénháza;8981
Gelse;8774
Gelsesziget;8774
Gelénes;4935
Gemzse;4567
Gencsapáti;9721
Gerde;7951
Gerendás;5925
Geresdlak;7733
Gerjen;7134
Gersekarát;9813
Gerényes;7362
Geszt;5734
Gesztely;3715
Gesztely;3923
Geszteréd;4232
Gibárt;3854
Gic;8435
Gige;7527
Gilvánfa;7954
Girincs;3578
Golop;3906
Gomba;2217
Gombosszeg;8984
Gordisa;7853
Gosztola;8960
Grábóc;7162
Gulács;4842
Gutorfölde;8951
Gyalóka;9474
Gyanógeregye;9774
Gyarmat;9126
Gyenesdiás;8315
Gyepükaján;8473
Gyermely;2821
Gyomaendrőd;5500
Gyomaendrőd;5502
Gyugy;8692
Gyula;5700
Gyula;5711
Gyulaháza;4545
Gyulaj;7227
Gyulakeszi;8286
Gyál;2360
Gyékényes;8851
Gyód;7668
Gyóró;9363
Gyömrő;2230
Gyömöre;9124
Gyöngyfa;7954
Gyöngyös;3200
Gyöngyös;3221
Gyöngyös;3232
Gyöngyös;3233
Gyöngyösfalu;9723
Gyöngyöshalász;3212
Gyöngyösmellék;7972
Gyöngyösoroszi;3211
Gyöngyöspata;3035
Gyöngyössolymos;3231
Gyöngyöstarján;3036
Gyönk;7064
Györe;7352
Györgytarló;3954
Györköny;7045
Gyúró;2464
Gyügye;4733
Gyüre;4813
Győr;9000
Győr;9011
Győr;9012
Győr;9019
Győr;9021
Győr;9022
Győr;9023
Győr;9024
Győr;9025
Győr;9026
Győr;9027
Győr;9028
Győr;9029
Győr;9030
Győrasszonyfa;9093
Győrladamér;9173
Győrszemere;9121
Győrság;9084
Győrsövényház;9161
Győrtelek;4752
Győrvár;9821
Győrzámoly;9172
Győröcske;4625
Győrújbarát;9081
Győrújfalu;9171
Gyűrűs;8932
Gáborján;4122
Gáborjánháza;8969
Gádoros;5932
Gálosfa;7473
Gánt;8082
Gárdony;2483
Gárdony;2484
Gárdony;2485
Gátér;6111
Gávavencsellő;4471
Gávavencsellő;4472
Géberjén;4754
Géderlak;6334
Gégény;4517
Gérce;9672
Gétye;8762
Gógánfa;8346
Gór;9625
Göd;2131
Göd;2132
Gödre;7385
Gödre;7386
Gödöllő;2100
Gölle;7272
Gömörszőlős;3728
Gönc;3895
Göncruszka;3894
Gönyű;9071
Görbeháza;4075
Görcsöny;7833
Görcsönydoboka;7728
Görgeteg;7553
Gősfa;8913
Hagyárosbörönd;8992
Hahót;8771
Hajdúbagos;4273
Hajdúböszörmény;4074
Hajdúböszörmény;4086
Hajdúböszörmény;4220
Hajdúböszörmény;4224
Hajdúdorog;4087
Hajdúhadház;4242
Hajdúnánás;4080
Hajdúnánás;4085
Hajdúszoboszló;4200
Hajdúszovát;4212
Hajdúsámson;4251
Hajmás;7473
Hajmáskér;8192
Hajós;6344
Halastó;9814
Halimba;8452
Halmaj;3842
Halmajugra;3273
Halogy;9917
Halászi;9228
Halásztelek;2314
Hangony;3626
Hangács;3795
Hantos;2434
Harasztifalu;9784
Harc;7172
Harka;9422
Harkakötöny;6136
Harkány;7815
Harsány;3555
Harta;6326
Harta;6327
Hatvan;3000
Hedrehely;7533
Hegyesd;8296
Hegyeshalom;9222
Hegyfalu;9631
Hegyháthodász;9915
Hegyhátmaróc;7348
Hegyhátszentjakab;9934
Hegyhátszentmárton;9931
Hegyhátszentpéter;9821
Hegyhátsál;9915
Hegykő;9437
Hegymagas;8265
Hegymeg;3786
Hegyszentmárton;7837
Hejce;3892
Hejőbába;3593
Hejőkeresztúr;3597
Hejőkürt;3588
Hejőpapi;3594
Hejőszalonta;3595
Helesfa;7683
Helvécia;6034
Hencida;4123
Hencse;7532
Herceghalom;2053
Hercegkút;3958
Hercegszántó;6525
Herencsény;2677
Herend;8440
Heresznye;7587
Hermánszeg;4735
Hernyék;8957
Hernád;2376
Hernádbűd;3853
Hernádcéce;3887
Hernádkak;3563
Hernádkércs;3846
Hernádnémeti;3564
Hernádpetri;3874
Hernádszentandrás;3852
Hernádszurdok;3875
Hernádvécse;3874
Heréd;3011
Hetefejércse;4843
Hetes;7432
Hetvehely;7681
Hetyefő;8344
Heves;3360
Hevesaranyos;3322
Hevesvezekény;3383
Hidas;7696
Hidasnémeti;3876
Hidegkút;8247
Hidegség;9491
Hidvégardó;3768
Himesháza;7735
Himod;9362
Hirics;7838
Hobol;7971
Hodász;4334
Hollád;8731
Hollóháza;3999
Hollókő;3176
Homokbödöge;8563
Homokkomárom;8777
Homokmégy;6341
Homokszentgyörgy;7537
Homorúd;7716
Homrogd;3812
Hont;2647
Horpács;2658
Hort;3014
Hortobágy;4071
Horváthertelend;7935
Horvátlövő;9796
Horvátzsidány;9733
Hosszúhetény;7694
Hosszúpereszteg;9676
Hosszúpályi;4274
Hosszúvíz;8716
Hosszúvölgy;8777
Hosztót;8475
Hottó;8991
Hugyag;2672
Hunya;5555
Hunyadfalva;5063
Husztót;7678
Hács;8694
Háromfa;7585
Háromhuta;3936
Hárskút;8442
Hásságy;7745
Hédervár;9178
Héhalom;3041
Héreg;2832
Hét;3655
Hévíz;8380
Hévízgyörk;2192
Hódmezővásárhely;6800
Hódmezővásárhely;6805
Hódmezővásárhely;6806
Hövej;9361
Hőgyész;7191
Ibafa;7935
Iborfia;8984
Ibrány;4484
Igal;7275
Igar;7015
Igar;7016
Igrici;3459
Iharos;8726
Iharosberény;8725
Ikervár;9756
Iklad;2181
Iklanberény;9634
Iklódbördőce;8958
Ikrény;9141
Iliny;2674
Ilk;4566
Illocska;7775
Imola;3725
Imrehegy;6238
Inke;8724
Ináncs;3851
Inárcs;2365
Ipacsfa;7847
Ipolydamásd;2631
Ipolyszög;2660
Ipolytarnóc;3138
Ipolytölgyes;2633
Ipolyvece;2669
Iregszemcse;7095
Irota;3786
Isaszeg;2117
Ispánk;9941
Istenmezeje;3253
Istvándi;7987
Iszkaszentgyörgy;8043
Iszkáz;8493
Isztimér;8045
Ivád;3248
Iván;9374
Ivánbattyán;7772
Ivánc;9931
Iváncsa;2454
Ivándárda;7781
Izmény;7353
Izsák;6070
Izsófalva;3741
Jakabszállás;6078
Jenő;8146
Jobaháza;9323
Jobbágyi;3063
Juta;7431
Jágónak;7357
Ják;9798
Jákfa;9643
Jákfalva;3721
Jákó;7525
Jánd;4841
Jánkmajtis;4741
Jánoshalma;6440
Jánoshida;5143
Jánosháza;9545
Jánossomorja;9167
Jánossomorja;9241
Jánossomorja;9241
Jánossomorja;9242
Járdánháza;3664
Jármi;4337
Jásd;8424
Jászalsószentgyörgy;5054
Jászapáti;5130
Jászberény;5100
Jászberény;5152
Jászboldogháza;5144
Jászdózsa;5122
Jászfelsőszentgyörgy;5111
Jászfényszaru;5126
Jászivány;5135
Jászjákóhalma;5121
Jászkarajenő;2746
Jászkisér;5137
Jászladány;5055
Jászszentandrás;5136
Jászszentlászló;6133
Jásztelek;5141
Jászágó;5124
Jászárokszállás;5123
Jéke;4611
Jósvafő;3758
Kaba;4183
Kacorlak;8773
Kacsóta;7940
Kadarkút;7530
Kajdacs;7051
Kajárpéc;9123
Kajászó;2472
Kakasd;7122
Kakucs;2366
Kalaznó;7194
Kallósd;8785
Kalocsa;6300
Kamond;8469
Kamut;5673
Kapolcs;8294
Kapoly;8671
Kaposfő;7523
Kaposgyarmat;7473
Kaposhomok;7261
Kaposkeresztúr;7258
Kaposmérő;7521
Kapospula;7251
Kaposszekcső;7361
Kaposszerdahely;7476
Kaposvár;7400
Kaposvár;7451
Kaposújlak;7522
Kapuvár;9330
Kapuvár;9339
Karakó;9547
Karakószörcsök;8491
Karancsalja;3181
Karancsberény;3137
Karancskeszi;3183
Karancslapujtő;3182
Karancsság;3163
Karcag;5300
Karcsa;3963
Kardos;5552
Kardoskút;5945
Karmacs;8354
Karos;3962
Kartal;2173
Karácsond;3281
Karád;8676
Kaskantyú;6211
Kastélyosdombó;7977
Kaszaper;5948
Kaszó;7564
Katafa;9915
Katymár;6455
Katádfa;7914
Kazincbarcika;3700
Kazsok;7274
Kazár;3127
Kazár;3147
Kecel;6237
Kecskemét;6000
Kecskemét;6008
Kecskemét;6044
Kecskéd;2852
Kehidakustány;8784
Kelebia;6423
Kelemér;3728
Kelevíz;8714
Keléd;9549
Kemecse;4501
Kemence;2638
Kemendollár;8931
Kemeneshőgyész;8516
Kemeneskápolna;9553
Kemenesmagasi;9522
Kemenesmihályfa;9511
Kemenespálfa;9544
Kemenesszentmárton;9521
Kemenesszentpéter;8518
Kemenessömjén;9517
Kemestaródfa;9923
Kemse;7839
Keménfa;8995
Kenderes;5331
Kenderes;5349
Kengyel;5083
Kenyeri;9514
Kenéz;9752
Kenézlő;3955
Kercaszomor;9945
Kercseliget;7256
Kerecsend;3396
Kerecseny;8745
Kerekegyháza;6041
Kerekharaszt;3009
Kereki;8618
Kerepes;2144
Kerepes;2145
Keresztéte;3821
Kerkabarabás;8971
Kerkafalva;8973
Kerkakutas;8973
Kerkaszentkirály;8874
Kerkateskánd;8879
Kerkáskápolna;9944
Kerta;8492
Kertészsziget;5526
Kerékteleki;2882
Keszeg;2616
Kesznyéten;3579
Keszthely;8360
Kesztölc;2517
Keszü;7668
Keszőhidegkút;7062
Kevermes;5744
Kilimán;8774
Kimle;9181
Kincsesbánya;8044
Királd;3657
Királyegyháza;7953
Királyhegyes;6911
Királyszentistván;8195
Kisapostag;2428
Kisapáti;8284
Kisar;4921
Kisasszond;7523
Kisasszonyfa;7954
Kisbabot;9133
Kisbajcs;9062
Kisbajom;7542
Kisberzseny;8477
Kisberény;8693
Kisbeszterce;7391
Kisbodak;9234
Kisbucsa;8926
Kisbudmér;7756
Kisbágyon;3046
Kisbárapáti;7282
Kisbárkány;3075
Kisbér;2870
Kisbér;2879
Kiscsehi;8888
Kiscsécs;3578
Kiscsősz;8494
Kisdobsza;7985
Kisdombegyház;5837
Kisdorog;7159
Kisdér;7814
Kisecset;2655
Kisfalud;9341
Kisfüzes;3256
Kisgyalán;7279
Kisgyőr;3556
Kisgörbő;8356
Kishajmás;7391
Kisharsány;7800
Kishartyán;3161
Kisherend;7763
Kishuta;3994
Kishódos;4977
Kisigmánd;2948
Kisjakabfalva;7773
Kiskassa;7766
Kiskinizs;3843
Kiskorpád;7524
Kiskunfélegyháza;6100
Kiskunhalas;6400
Kiskunlacháza;2340
Kiskunmajsa;6120
Kiskutas;8911
Kisköre;3384
Kiskőrös;6200
Kislippó;7775
Kisláng;8156
Kisléta;4325
Kislőd;8446
Kismarja;4126
Kismaros;2623
Kismányok;7356
Kisnamény;4737
Kisnyárád;7759
Kisnána;3264
Kisnémedi;2165
Kisoroszi;2024
Kispalád;4956
Kispirit;8496
Kispáli;8912
Kisrozvágy;3965
Kisrákos;9936
Kisrécse;8756
Kissikátor;3627
Kissomlyó;9555
Kisszekeres;4963
Kisszentmárton;7841
Kissziget;8957
Kisszállás;6421
Kisszékely;7082
Kisszőlős;8483
Kistamási;7981
Kistapolca;7823
Kistarcsa;2143
Kistelek;6760
Kistokaj;3553
Kistolmács;8868
Kistormás;7068
Kistótfalu;7768
Kisunyom;9772
Kisvarsány;4811
Kisvaszar;7381
Kisvejke;7183
Kisvárda;4600
Kisvásárhely;8341
Kiszombor;6775
Kiszsidány;9733
Kisújszállás;5310
Klárafalva;6773
Kocs;2898
Kocsola;7212
Kocsord;4751
Kocsér;2755
Kokad;4284
Kolontár;8468
Komjáti;3765
Komló;7300
Komlódtótfalu;4765
Komlósd;7582
Komlóska;3937
Komoró;4622
Kompolt;3356
Komádi;4138
Komárom;2900
Komárom;2903
Komárom;2921
Kondorfa;9943
Kondoros;5553
Kondó;3775
Konyár;4133
Koppányszántó;7094
Korlát;3886
Koroncó;9113
Kosd;2612
Kovácshida;7847
Kovácsszénája;7678
Kovácsvágás;3992
Kozmadombja;8988
Kozárd;3053
Kozármisleny;7761
Krasznokvajda;3821
Kulcs;2458
Kunadacs;6097
Kunbaja;6435
Kunbaracs;6043
Kuncsorba;5412
Kunfehértó;6413
Kunhegyes;5340
Kunmadaras;5321
Kunpeszér;6096
Kunszentmiklós;6090
Kunszentmárton;5440
Kunszentmárton;5449
Kunsziget;9184
Kunszállás;6115
Kunágota;5746
Kup;8595
Kupa;3813
Kurd;7226
Kurityán;3732
Kustánszeg;8919
Kutas;7541
Kutasó;3066
Kács;3424
Kákics;7958
Kál;3350
Káld;9673
Kálló;2175
Kállósemjén;4324
Kálmáncsa;7538
Kálmánháza;4434
Káloz;8124
Kálócfa;8988
Kám;9841
Kántorjánosi;4335
Kány;3821
Kánya;8667
Kányavár;8956
Kánó;3735
Kápolna;3355
Kápolnásnyék;2475
Káptalanfa;8471
Káptalantóti;8283
Kára;7285
Károlyháza;9182
Kárász;7333
Kásád;7827
Kátoly;7661
Káva;2215
Kávás;8994
Kázsmárk;3831
Kék;4515
Kékcse;4494
Kéked;3899
Kékesd;7661
Kékkút;8254
Kéleshalom;6444
Kémes;7843
Kérsemjén;4912
Kétbodony;2655
Kétegyháza;5741
Kéthely;8713
Kétpó;5411
Kétsoprony;5674
Kétvölgy;9982
Kéty;7174
Kétújfalu;7975
Kóka;2243
Kóny;9144
Kópháza;9495
Kórós;7841
Kóspallag;2625
Kótaj;4482
Köblény;7334
Köcsk;9553
Kökény;7639
Kölcse;4965
Kölesd;7052
Kölked;7717
Kömlő;3372
Kömlőd;2853
Kömpöc;6134
Kömörő;4943
Körmend;9900
Körmend;9909
Környe;2851
Köröm;3577
Körösladány;5516
Körösnagyharsány;5539
Körösszakál;4136
Körösszegapáti;4135
Köröstarcsa;5622
Körösújfalu;5536
Kötcse;8627
Kötegyán;5725
Kövegy;6912
Köveskál;8274
Kübekháza;6755
Külsősárd;8978
Külsővat;9532
Küngös;8162
Kőkút;7530
Kőröshegy;8617
Kőröstetétlen;2745
Kőszeg;9730
Kőszegdoroszló;9725
Kőszegpaty;9739
Kőszegszerdahely;9725
Kőszárhegy;8152
Kőtelek;5062
Kővágószőlős;7673
Kővágótöttös;7675
Kővágóörs;8254
Kővágóörs;8255
Lad;7535
Ladánybene;6045
Lajoskomárom;8136
Lajosmizse;6050
Lak;3786
Lakhegy;8913
Lakitelek;6065
Lakócsa;7918
Lapáncsa;7775
Laskod;4543
Lasztonya;8887
Legyesbénye;3904
Legénd;2619
Lendvadedes;8978
Lendvajakabfa;8977
Lengyel;7184
Lengyeltóti;8693
Lenti;8960
Lenti;8966
Lepsény;8132
Lesencefalu;8317
Lesenceistvánd;8319
Lesencetomaj;8318
Letenye;8868
Letkés;2632
Levelek;4555
Levél;9221
Leányfalu;2016
Leányvár;2518
Libickozma;8707
Lickóvadamos;8981
Liget;7331
Ligetfalva;8782
Lippó;7781
Liptód;7757
Lipót;9233
Lispeszentadorján;8888
Liszó;8832
Litka;3866
Litke;3186
Litér;8196
Lothárd;7761
Lovas;8228
Lovasberény;8093
Lovászhetény;7720
Lovászi;8878
Lovászpatona;8553
Lucfalva;3129
Ludas;3274
Ludányhalászi;3188
Lukácsháza;9724
Lulla;8660
Lábatlan;2541
Lábod;7551
Lácacséke;3967
Ládbesenyő;3780
Lánycsók;7759
Lápafő;7214
Látrány;8681
Lázi;9089
Lébény;9155
Léh;3832
Lénárddaróc;3648
Létavértes;4281
Létavértes;4283
Lócs;9634
Lókút;8425
Lónya;4836
Lórév;2309
Lövő;9461
Lövőpetri;4633
Lúzsok;7838
Lőkösháza;5743
Lőrinci;3021
Lőrinci;3022
Lőrinci;3024
Madaras;6456
Madocsa;7026
Maglóca;9169
Maglód;2234
Magosliget;4953
Magy;4556
Magyaralmás;8071
Magyaratád;7463
Magyarbánhegyes;5667
Magyarbóly;7775
Magyarcsanád;6932
Magyardombegyház;5838
Magyaregregy;7332
Magyaregres;7441
Magyarföld;8973
Magyargencs;8517
Magyargéc;3133
Magyarhertelend;7394
Magyarhomorog;4137
Magyarkeresztúr;9346
Magyarkeszi;7098
Magyarlak;9962
Magyarlukafa;7925
Magyarmecske;7954
Magyarnádalja;9909
Magyarnándor;2694
Magyarpolány;8449
Magyarsarlós;7761
Magyarszecsőd;9912
Magyarszentmiklós;8776
Magyarszerdahely;8776
Magyarszombatfa;9946
Magyarszék;7396
Magyartelek;7954
Majosháza;2339
Majs;7783
Makkoshotyka;3959
Maklár;3397
Makád;2322
Makó;6900
Makó;6903
Malomsok;8533
Marcalgergelyi;9534
Marcali;8700
Marcali;8709
Marcali;8714
Marcaltő;8531
Marcaltő;8532
Markaz;3262
Markotabödöge;9164
Markóc;7967
Maroslele;6921
Martfű;5435
Martonfa;7720
Martonvásár;2462
Martonyi;3755
Maráza;7733
Maróc;8888
Marócsa;7960
Matty;7854
Mecseknádasd;7695
Mecsekpölöske;7305
Mecsér;9176
Medgyesbodzás;5663
Medgyesbodzás;5664
Medgyesegyháza;5666
Medgyesegyháza;5752
Medina;7057
Meggyeskovácsi;9757
Meggyeskovácsi;9764
Megyaszó;3718
Megyehíd;9754
Megyer;8348
Mekényes;7344
Mencshely;8271
Mende;2235
Merenye;7981
Mernye;7453
Mersevát;9531
Mesterháza;9662
Mesteri;9551
Mesterszállás;5452
Meszes;3754
Meszlen;9745
Mesztegnyő;8716
Mezőberény;5650
Mezőcsokonya;7434
Mezőcsát;3450
Meződ;7370
Mezőfalva;2422
Mezőgyán;5732
Mezőhegyes;5820
Mezőhék;5453
Mezőkeresztes;3441
Mezőkomárom;8137
Mezőkovácsháza;5800
Mezőkövesd;3400
Mezőladány;4641
Mezőlak;8514
Mezőnagymihály;3443
Mezőnyárád;3421
Mezőpeterd;4118
Mezősas;4134
Mezőszemere;3378
Mezőszentgyörgy;8133
Mezőszilas;7017
Mezőtárkány;3375
Mezőtúr;5400
Mezőzombor;3931
Mezőörs;9097
Mezőörs;9098
Miháld;8825
Mihályfa;8341
Mihálygerge;3184
Mihályháza;8513
Mihályi;9342
Mike;7512
Mikebuda;2736
Mikekarácsonyfa;8949
Mikepércs;4271
Miklósi;8669
Mikosszéplak;9835
Mikófalva;3344
Mikóháza;3989
Milejszeg;8917
Milota;4948
Mindszent;6630
Mindszentgodisa;7391
Mindszentkálla;8282
Misefa;8935
Miske;6343
Miskolc;3500
Miskolc;3501
Miskolc;3508
Miskolc;3515
Miskolc;3516
Miskolc;3517
Miskolc;3518
Miskolc;3519
Miskolc;3521
Miskolc;3524
Miskolc;3525
Miskolc;3526
Miskolc;3527
Miskolc;3528
Miskolc;3529
Miskolc;3530
Miskolc;3531
Miskolc;3532
Miskolc;3533
Miskolc;3534
Miskolc;3535
Miskolc;3558
Miszla;7065
Mocsa;2911
Mogyoród;2146
Mogyorósbánya;2535
Mogyoróska;3893
Moha;8042
Mohora;2698
Mohács;7700
Mohács;7714
Mohács;7715
Molnaszecsőd;9912
Molnári;8863
Molvány;7981
Monaj;3812
Monok;3905
Monor;2200
Monorierdő;2213
Monostorapáti;8296
Monostorpályi;4275
Monoszló;8273
Monyoród;7751
Mosdós;7257
Mosonmagyaróvár;9200
Mosonszentmiklós;9154
Mosonszentmiklós;9183
Mosonszentmiklós;9183
Mosonszolnok;9245
Mosonudvar;9246
Mozsgó;7932
Mucsfa;7185
Mucsi;7195
Muhi;3552
Murakeresztúr;8834
Murarátka;8868
Muraszemenye;8872
Murga;7176
Murony;5672
Mád;3909
Mágocs;7342
Mályi;3434
Mályinka;3645
Mánd;4942
Mándok;4644
Mánfa;7304
Mány;2065
Márfa;7817
Máriahalom;2527
Máriakálnok;9231
Máriakéménd;7663
Márianosztra;2629
Máriapócs;4326
Márkháza;3075
Márkó;8441
Márok;7774
Márokföld;8976
Márokpapi;4932
Mártély;6636
Mátraballa;3247
Mátraderecske;3246
Mátramindszent;3155
Mátranovák;3143
Mátranovák;3144
Mátraszele;3142
Mátraszentimre;3234
Mátraszentimre;3235
Mátraszőlős;3068
Mátraterenye;3145
Mátraterenye;3146
Mátraverebély;3077
Mátyus;4835
Mátyásdomb;8134
Mátészalka;4700
Mátételke;6452
Máza;7351
Méhkerék;5726
Méhtelek;4975
Mélykút;6449
Méra;3871
Mérges;9136
Mérk;4352
Mónosbél;3345
Mór;8060
Mórahalom;6782
Móricgát;6132
Mórichida;9131
Mórágy;7165
Múcsony;3744
Mőcsény;7163
Nadap;8097
Nagyacsád;8521
Nagyalásony;8484
Nagyar;4922
Nagyatád;7500
Nagybajcs;9063
Nagybajom;7561
Nagybakónak;8821
Nagybaracska;6527
Nagybarca;3641
Nagyberki;7255
Nagyberény;8656
Nagybudmér;7756
Nagybánhegyes;5668
Nagybárkány;3075
Nagybörzsöny;2634
Nagycenk;9485
Nagycsepely;8628
Nagycserkesz;4445
Nagycsány;7838
Nagycsécs;3598
Nagydobos;4823
Nagydobsza;7985
Nagydorog;7044
Nagydém;8554
Nagyecsed;4355
Nagyesztergár;8415
Nagyfüged;3282
Nagygeresd;9664
Nagygyimót;8551
Nagygörbő;8356
Nagyhajmás;7343
Nagyhalász;4485
Nagyharsány;7822
Nagyhegyes;4064
Nagyhuta;3994
Nagyhódos;4977
Nagyigmánd;2942
Nagyiván;5363
Nagykamarás;5751
Nagykanizsa;8800
Nagykanizsa;8808
Nagykanizsa;8809
Nagykanizsa;8831
Nagykapornak;8935
Nagykarácsony;2425
Nagykereki;4127
Nagykeresztúr;3129
Nagykinizs;3844
Nagykorpád;7545
Nagykovácsi;2094
Nagykozár;7741
Nagykutas;8911
Nagykálló;4320
Nagykáta;2760
Nagykónyi;7092
Nagykökényes;3012
Nagykölked;9784
Nagykörű;5065
Nagykőrös;2750
Nagylak;6933
Nagylengyel;8983
Nagylóc;3175
Nagylók;2435
Nagylózs;9482
Nagymaros;2626
Nagymizdó;9913
Nagymágocs;6622
Nagymányok;7355
Nagynyárád;7784
Nagyoroszi;2645
Nagypall;7731
Nagypeterd;7912
Nagypirit;8496
Nagypáli;8912
Nagyrada;8746
Nagyrozvágy;3965
Nagyrábé;4173
Nagyrákos;9938
Nagyrécse;8756
Nagyréde;3214
Nagyrév;5463
Nagysimonyi;9561
Nagyszakácsi;8739
Nagyszekeres;4962
Nagyszentjános;9072
Nagyszokoly;7097
Nagyszékely;7085
Nagyszénás;5931
Nagysáp;2524
Nagytarcsa;2142
Nagytevel;8562
Nagytilaj;9832
Nagytálya;3398
Nagytótfalu;7800
Nagytőke;6612
Nagyvarsány;4812
Nagyvejke;7186
Nagyveleg;8065
Nagyvenyim;2421
Nagyvisnyó;3349
Nagyváty;7912
Nagyvázsony;8291
Nagyér;6917
Nagyút;3357
Nak;7215
Napkor;4552
Narda;9793
Naszály;2899
Nekézseny;3646
Nemesapáti;8923
Nemesbikk;3592
Nemesborzova;4942
Nemesbük;8371
Nemesbőd;9749
Nemescsó;9739
Nemesdéd;8722
Nemesgulács;8284
Nemesgörzsöny;8522
Nemeshany;8471
Nemeshetés;8928
Nemeske;7981
Nemeskeresztúr;9548
Nemeskisfalud;8717
Nemeskocs;9542
Nemeskolta;9775
Nemeskér;9471
Nemesládony;9663
Nemesmedves;9953
Nemesnádudvar;6345
Nemesnép;8976
Nemespátró;8857
Nemesrempehollós;9782
Nemesrádó;8915
Nemesszalók;9533
Nemesszentandrás;8925
Nemessándorháza;8925
Nemesvid;8738
Nemesvita;8311
Nemesvámos;8248
Nemti;3152
Neszmély;2544
Nick;9652
Nikla;8706
Noszlop;8456
Noszvaj;3325
Nova;8948
Novaj;3327
Novajidrány;3872
Nyalka;9096
Nyergesújfalu;2536
Nyim;8612
Nyirád;8454
Nyomár;3795
Nyugotszenterzsébet;7912
Nyáregyháza;2723
Nyárlőrinc;6032
Nyársapát;2712
Nyárád;8512
Nyékládháza;3433
Nyésta;3809
Nyíracsád;4262
Nyíradony;4252
Nyíradony;4253
Nyíradony;4254
Nyírbogdány;4511
Nyírbogát;4361
Nyírbátor;4300
Nyírbéltek;4372
Nyírcsaholy;4356
Nyírcsászári;4331
Nyírderzs;4332
Nyíregyháza;4246
Nyíregyháza;4400
Nyíregyháza;4405
Nyíregyháza;4431
Nyíregyháza;4432
Nyíregyháza;4433
Nyíregyháza;4481
Nyíregyháza;4551
Nyírgelse;4362
Nyírgyulaj;4311
Nyíri;3998
Nyíribrony;4535
Nyírjákó;4541
Nyírkarász;4544
Nyírkáta;4333
Nyírkércs;4537
Nyírlugos;4371
Nyírlövő;4632
Nyírmada;4564
Nyírmeggyes;4722
Nyírmihálydi;4363
Nyírmártonfalva;4263
Nyírparasznya;4822
Nyírpazony;4531
Nyírpilis;4376
Nyírtass;4522
Nyírtelek;4461
Nyírtura;4532
Nyírtét;4554
Nyírvasvári;4341
Nyírábrány;4264
Nyúl;9082
Nyőgér;9682
Nábrád;4911
Nádasd;9915
Nádasdladány;8145
Nádudvar;4181
Nágocs;8674
Nárai;9797
Négyes;3463
Németbánya;8581
Németfalu;8918
Németkér;7039
Nézsa;2618
Nógrád;2642
Nógrádkövesd;2691
Nógrádmarcal;2675
Nógrádmegyer;3132
Nógrádsipek;3179
Nógrádszakál;3187
Nógrádsáp;2685
Nóráp;8591
Nőtincs;2610
Okorvölgy;7681
Okorág;7957
Okány;5534
Olasz;7745
Olaszfa;9824
Olaszfalu;8414
Olaszliszka;3933
Olcsva;4826
Olcsvaapáti;4914
Old;7825
Oltárc;8886
Onga;3562
Orbányosfa;8935
Orci;7461
Ordacsehi;8635
Ordas;6335
Orfalu;9982
Orfű;7677
Orgovány;6077
Ormosbánya;3743
Ormándlak;8983
Orosháza;5900
Orosháza;5903
Orosháza;5904
Orosháza;5905
Oroszi;8458
Oroszlány;2840
Oroszló;7370
Orosztony;8744
Ortaháza;8954
Osli;9354
Ostffyasszonyfa;9512
Ostoros;3326
Oszkó;9825
Oszlár;3591
Osztopán;7444
Ozmánbük;8998
Ozora;7086
Pacsa;8761
Padár;8935
Pakod;8799
Paks;7027
Paks;7030
Palkonya;7771
Palotabozsok;7727
Palotás;3042
Paloznak;8229
Palé;7370
Pamlény;3821
Pamuk;8698
Pankasz;9937
Pannonhalma;9090
Panyola;4913
Pap;4631
Papkeszi;8183
Papos;4338
Parasznya;3777
Parád;3240
Parádsasvár;3242
Paszab;4475
Pat;8825
Patak;2648
Patalom;7463
Patapoklosi;7923
Patca;7477
Patosfa;7536
Patvarc;2668
Pecöl;9754
Pellérd;7831
Penc;2614
Penyige;4941
Penészlek;4267
Perbál;2074
Pere;3853
Perecse;3821
Pereked;7664
Perenye;9722
Peresznye;9734
Pereszteg;9484
Perkupa;3756
Perkáta;2431
Perőcsény;2637
Peterd;7766
Pethőhenye;8921
Petneháza;4542
Petrikeresztúr;8984
Petrivente;8866
Pettend;7980
Petőfibánya;3023
Petőfiszállás;6113
Petőháza;9443
Petőmihályfa;9826
Piliny;3134
Pilis;2721
Pilisborosjenő;2097
Piliscsaba;2081
Piliscsév;2519
Pilisjászfalu;2080
Pilismarót;2028
Pilisszentiván;2084
Pilisszentkereszt;2098
Pilisszentkereszt;2099
Pilisszentlászló;2009
Pilisszántó;2095
Pilisvörösvár;2085
Pincehely;7084
Pinkamindszent;9922
Pinnye;9481
Piricse;4375
Pirtó;6414
Piskó;7838
Pitvaros;6914
Pocsaj;4125
Pogány;7666
Pogányszentpéter;8728
Polgár;4090
Polgárdi;8154
Polány;7458
Pomáz;2013
Porcsalma;4761
Pornóapáti;9796
Poroszló;3388
Porpác;9612
Porrog;8858
Porrogszentkirály;8858
Porrogszentpál;8858
Porva;8429
Potony;7977
Potyond;9324
Prügy;3925
Pula;8291
Pusztaapáti;8986
Pusztaberki;2658
Pusztacsalád;9373
Pusztacsó;9739
Pusztadobos;4565
Pusztaederics;8946
Pusztafalu;3995
Pusztaföldvár;5919
Pusztahencse;7038
Pusztakovácsi;8707
Pusztamagyaród;8895
Pusztamiske;8455
Pusztamonostor;5125
Pusztamérges;6785
Pusztaottlaka;5665
Pusztaradvány;3874
Pusztaszabolcs;2490
Pusztaszemes;8619
Pusztaszentlászló;8896
Pusztaszer;6769
Pusztavacs;2378
Pusztavám;8066
Pusztazámor;2039
Putnok;3630
Pácin;3964
Pácsony;9823
Páhi;6075
Páka;8956
Pákozd;8095
Pálfa;7042
Pálfiszeg;8990
Pálháza;3994
Páli;9345
Pálmajor;7561
Pálmonostora;6112
Pálosvörösmart;3261
Pánd;2214
Pányok;3898
Pápa;8500
Pápa;8511
Pápa;8591
Pápa;8598
Pápadereske;8593
Pápakovácsi;8596
Pápasalamon;8594
Pápateszér;8556
Pápoc;9515
Páprád;7838
Pári;7091
Pásztori;9311
Pásztó;3060
Pásztó;3065
Pásztó;3082
Pátka;8092
Pátroha;4523
Páty;2071
Pátyod;4766
Pázmánd;2476
Pázmándfalu;9085
Pécel;2119
Pécs;7600
Pécs;7621
Pécs;7622
Pécs;7623
Pécs;7624
Pécs;7625
Pécs;7626
Pécs;7627
Pécs;7628
Pécs;7629
Pécs;7630
Pécs;7631
Pécs;7632
Pécs;7633
Pécs;7634
Pécs;7635
Pécs;7636
Pécs;7639
Pécs;7691
Pécs;7693
Pécsbagota;7951
Pécsdevecser;7766
Pécsely;8245
Pécsudvard;7762
Pécsvárad;7720
Pély;3381
Pénzesgyőr;8426
Pér;9099
Péterhida;7582
Péteri;2209
Pétervására;3250
Pétfürdő;8105
Pócsa;7756
Pócsmegyer;2017
Pócspetri;4327
Pókaszepetk;8932
Pórszombat;8986
Pósfa;9636
Pölöske;8929
Pölöskefő;8773
Pörböly;7142
Pördefölde;8956
Pötréte;8767
Püski;9235
Püspökhatvan;2682
Püspökladány;4150
Püspökmolnári;9776
Püspökszilágy;2166
Radostyán;3776
Ragály;3724
Rajka;9224
Rakaca;3825
Rakacaszend;3826
Rakamaz;4465
Ramocsa;8973
Ramocsaháza;4536
Raposka;8300
Ravazd;9091
Recsk;3245
Regenye;7833
Regéc;3893
Regöly;7193
Remeteszőlős;2090
Resznek;8977
Rezi;8373
Ricse;3974
Rigyác;8883
Rigács;8348
Rimóc;3177
Rinyabesenyő;7552
Rinyakovácsi;7527
Rinyaszentkirály;7513
Rinyaújlak;7556
Rinyaújnép;7584
Rohod;4563
Romhány;2654
Romonya;7743
Románd;8434
Rozsály;4971
Rudabánya;3733
Rudolftelep;3742
Rum;9766
Ruzsa;6786
Rábacsanak;9313
Rábacsécsény;9136
Rábagyarmat;9961
Rábahídvég;9777
Rábakecöl;9344
Rábapatona;9142
Rábapaty;9641
Rábapordány;9146
Rábasebes;9327
Rábaszentandrás;9316
Rábaszentmihály;9135
Rábaszentmiklós;9133
Rábatamási;9322
Rábatöttös;9766
Rábcakapi;9165
Rácalmás;2459
Ráckeresztúr;2465
Ráckeve;2300
Rád;2613
Rádfalva;7817
Rádóckölked;9784
Ráksi;7464
Rákóczibánya;3151
Rákóczifalva;5085
Rákócziújfalu;5084
Rápolt;4756
Rásonysápberencs;3833
Rátka;3908
Rátót;9951
Réde;2886
Rédics;8978
Rém;6446
Répcelak;9653
Répceszemere;9375
Répceszentgyörgy;9623
Répcevis;9475
Répáshuta;3559
Rétalap;9074
Rétközberencs;4525
Rétság;2651
Révfülöp;8253
Révleányvár;3976
Rózsafa;7914
Rózsaszentmárton;3033
Röjtökmuzsaj;9451
Rönök;9954
Röszke;6758
Sajtoskál;9632
Sajóbábony;3792
Sajóecseg;3793
Sajógalgóc;3636
Sajóhídvég;3576
Sajóivánka;3720
Sajókaza;3720
Sajókeresztúr;3791
Sajókápolna;3773
Sajólád;3572
Sajólászlófalva;3773
Sajómercse;3656
Sajónémeti;3652
Sajópetri;3573
Sajópálfala;3714
Sajópüspöki;3653
Sajósenye;3712
Sajószentpéter;3770
Sajószöged;3599
Sajóvelezd;3656
Sajóvámos;3712
Sajóörös;3586
Salföld;8256
Salgótarján;3100
Salgótarján;3102
Salgótarján;3104
Salgótarján;3109
Salgótarján;3141
Salköveskút;9742
Salomvár;8995
Sand;8824
Sarkad;5720
Sarkadkeresztúr;5731
Sarród;9434
Sarród;9435
Sarród;9438
Sarud;3386
Segesd;7562
Sellye;7960
Selyeb;3809
Semjén;3974
Semjénháza;8862
Seregélyes;8111
Serényfalva;3729
Siklós;7800
Siklósbodony;7814
Siklósnagyfalu;7823
Sikátor;8439
Sima;3881
Simaság;9633
Simonfa;7474
Simontornya;7081
Sirok;3332
Sitke;9671
Sióagárd;7171
Siófok;8600
Siójut;8652
Sobor;9315
Sokorópátka;9112
Solt;6320
Soltszentimre;6223
Soltvadkert;6230
Solymár;2083
Som;8655
Somberek;7728
Somlójenő;8478
Somlószőlős;8483
Somlóvecse;8484
Somlóvásárhely;8481
Somodor;7454
Somogyacsa;7283
Somogyapáti;7922
Somogyaracs;7584
Somogyaszaló;7452
Somogybabod;8684
Somogybükkösd;8858
Somogycsicsó;8726
Somogydöröcske;7284
Somogyegres;8666
Somogyfajsz;8708
Somogygeszti;7455
Somogyhatvan;7921
Somogyhárságy;7925
Somogyjád;7443
Somogymeggyes;8673
Somogysimonyi;8737
Somogyszentpál;8705
Somogyszil;7276
Somogyszob;7563
Somogysámson;8733
Somogysárd;7435
Somogytúr;8683
Somogyudvarhely;7515
Somogyviszló;7924
Somogyvámos;8699
Somogyvár;8698
Somogyzsitfa;8734
Somoskőújfalu;3121
Sonkád;4954
Soponya;8123
Sopron;9400
Sopron;9407
Sopron;9408
Sopron;9494
Sopronhorpács;9463
Sopronkövesd;9483
Sopronnémeti;9325
Sorkifalud;9774
Sorkikápolna;9774
Sormás;8881
Sorokpolány;9773
Sukoró;8096
Sumony;7960
Surd;8856
Szabadbattyán;8151
Szabadegyháza;2432
Szabadhídvég;8138
Szabadhídvég;8139
Szabadi;7253
Szabadkígyós;5712
Szabadszentkirály;7951
Szabadszállás;6080
Szabolcs;4467
Szabolcsbáka;4547
Szabolcsveresmart;4496
Szabás;7544
Szada;2111
Szajk;7753
Szajla;3334
Szajol;5081
Szakadát;7071
Szakcs;7213
Szakmár;6336
Szaknyér;9934
Szakoly;4234
Szakony;9474
Szakonyfalu;9983
Szakácsi;3786
Szakáld;3596
Szakály;7192
Szalafő;9942
Szalapa;8341
Szalaszend;3863
Szalatnak;7334
Szalkszentmárton;6086
Szalmatercs;3163
Szalonna;3754
Szalánta;7811
Szamosangyalos;4767
Szamosbecs;4745
Szamoskér;4721
Szamosszeg;4824
Szamossályi;4735
Szamostatárfalva;4746
Szamosújlak;4734
Szanda;2697
Szank;6131
Szany;9317
Szaporca;7843
Szarvas;5540
Szarvasgede;3051
Szarvaskend;9913
Szarvaskő;3323
Szatmárcseke;4945
Szatta;9938
Szatymaz;6763
Szava;7813
Szebény;7725
Szederkény;7751
Szedres;7056
Szeged;6700
Szeged;6710
Szeged;6720
Szeged;6721
Szeged;6722
Szeged;6723
Szeged;6724
Szeged;6725
Szeged;6726
Szeged;6727
Szeged;6728
Szeged;6729
Szeged;6753
Szeged;6757
Szeged;6771
Szeged;6791
Szegerdő;8732
Szeghalom;5520
Szegi;3918
Szegilong;3918
Szegvár;6635
Szekszárd;7100
Szeleste;9622
Szelevény;5476
Szellő;7661
Szemely;7763
Szemenye;9685
Szemere;3866
Szendehely;2640
Szendrő;3752
Szendrőlád;3751
Szenna;7477
Szenta;8849
Szentantalfa;8272
Szentbalázs;7472
Szentborbás;7918
Szentbékkálla;8281
Szentdomonkos;3259
Szentdénes;7913
Szente;2655
Szentegát;7915
Szentendre;2000
Szentes;6600
Szentgotthárd;9955
Szentgotthárd;9970
Szentgotthárd;9981
Szentgyörgyvár;8393
Szentgyörgyvölgy;8975
Szentgál;8444
Szentgáloskér;7465
Szentimrefalva;8475
Szentistván;3418
Szentistvánbaksa;3844
Szentjakabfa;8272
Szentkatalin;7681
Szentkirály;6031
Szentkirályszabadja;8225
Szentkozmadombja;8947
Szentliszló;8893
Szentlászló;7936
Szentlőrinc;7940
Szentlőrinckáta;2255
Szentmargitfalva;8872
Szentmártonkáta;2254
Szentpéterfa;9799
Szentpéterfölde;8953
Szentpéterszeg;4121
Szentpéterúr;8762
Szenyér;8717
Szepetnek;8861
Szerecseny;9125
Szeremle;6512
Szerencs;3900
Szerencs;3902
Szerep;4162
Szerep;4163
Szergény;9523
Szigetbecse;2321
Szigetcsép;2317
Szigethalom;2315
Szigetmonostor;2015
Szigetszentmiklós;2310
Szigetszentmárton;2318
Szigetvár;7900
Szigetújfalu;2319
Szigliget;8264
Szihalom;3377
Szijártóháza;8969
Szikszó;3800
Szil;9326
Szilaspogony;3125
Szilsárkány;9312
Szilvágy;8986
Szilvás;7811
Szilvásszentmárton;7477
Szilvásvárad;3348
Szilágy;7664
Szin;3761
Szinpetri;3761
Szirmabesenyő;3711
Szirák;3044
Szob;2628
Szokolya;2624
Szolnok;5000
Szolnok;5008
Szombathely;9700
Szombathely;9707
Szomolya;3411
Szomor;2822
Szomód;2896
Szorgalmatos;4441
Szorosad;7285
Szuha;3154
Szuhafő;3726
Szuhakálló;3731
Szuhogy;3734
Szulimán;7932
Szulok;7539
Szurdokpüspöki;3064
Szágy;7383
Szákszend;2856
Szálka;7121
Szántód;8622
Szápár;8423
Szár;2066
Szárazd;7063
Szárföld;9353
Szárliget;2067
Szárász;7188
Szászberek;5053
Szászfa;3821
Szászvár;7349
Szátok;2656
Százhalombatta;2440
Szécsisziget;8879
Szécsénke;2692
Szécsény;3170
Szécsényfelfalu;3135
Székely;4534
Székelyszabar;7737
Székesfehérvár;8000
Székesfehérvár;8019
Székkutas;6821
Szólád;8625
Szögliget;3762
Szörény;7976
Szúcs;3341
Szügy;2699
Szőc;8452
Szőce;9935
Sződ;2134
Sződliget;2133
Szőke;7833
Szőkedencs;8736
Szőkéd;7763
Szőlősardó;3757
Szőlősgyörök;8692
Szűcsi;3034
Szűr;7735
Ságvár;8654
Ságújfalu;3162
Sály;3425
Sámod;7841
Sámsonháza;3074
Sándorfalva;6762
Sántos;7479
Sáp;4176
Sárazsadány;3942
Sárbogárd;7000
Sárbogárd;7003
Sárbogárd;7018
Sárbogárd;7019
Sáregres;7014
Sárfimizdó;9813
Sárhida;8944
Sárisáp;2523
Sárkeresztes;8051
Sárkeresztúr;8125
Sárkeszi;8144
Sármellék;8391
Sárok;7781
Sárosd;2433
Sárospatak;3950
Sárpilis;7145
Sárrétudvari;4171
Sárszentlőrinc;7047
Sárszentmihály;8143
Sárszentágota;8126
Sárvár;9600
Sárvár;9608
Sárvár;9609
Sáránd;4272
Sásd;7370
Sáska;8308
Sáta;3659
Sátoraljaújhely;3944
Sátoraljaújhely;3945
Sátoraljaújhely;3980
Sátoraljaújhely;3988
Sátorhely;7785
Sávoly;8732
Sé;9789
Sénye;8788
Sényő;4533
Sérsekszőlős;8660
Sóly;8193
Sóshartyán;3131
Sóskút;2038
Sóstófalva;3716
Sósvertike;7960
Sótony;9681
Söjtör;8897
Söpte;9743
Söréd;8072
Súr;2889
Sükösd;6346
Sülysáp;2241
Sümeg;8330
Sümegcsehi;8357
Sümegprága;8351
Süttő;2543
Tab;8660
Tabajd;8088
Tabdi;6224
Tagyon;8272
Tahitótfalu;2021
Tahitótfalu;2022
Taksony;2335
Taktabáj;3926
Taktaharkány;3922
Taktakenéz;3924
Taktaszada;3921
Takácsi;8541
Taliándörögd;8295
Tamási;7090
Tanakajd;9762
Tapolca;8297
Tapolca;8300
Tapsony;8718
Tar;3073
Tarany;7514
Tarcal;3915
Tard;3416
Tardona;3644
Tardos;2834
Tarhos;5641
Tarján;2831
Tarjánpuszta;9092
Tarnabod;3369
Tarnalelesz;3258
Tarnaméra;3284
Tarnaszentmiklós;3382
Tarnaszentmária;3331
Tarnazsadány;3283
Tarnaörs;3294
Tarpa;4931
Tarrós;7362
Tass;6098
Taszár;7261
Tata;2835
Tata;2890
Tatabánya;2800
Tataháza;6451
Tatárszentgyörgy;2375
Tekenye;8793
Teklafalu;7973
Telekes;9812
Telekgerendás;5675
Teleki;8626
Telki;2089
Telkibánya;3896
Tengelic;7054
Tengeri;7834
Tengőd;8668
Tenk;3359
Terem;4342
Tereske;2652
Teresztenye;3757
Terpes;3333
Terény;2696
Teskánd;8991
Tetétlen;4184
Tevel;7181
Tibolddaróc;3423
Tiborszállás;4353
Tihany;8237
Tikos;8731
Tilaj;8782
Timár;4466
Tinnye;2086
Tiszaadony;4833
Tiszaalpár;6066
Tiszaalpár;6067
Tiszabecs;4951
Tiszabercel;4474
Tiszabezdéd;4624
Tiszabura;5235
Tiszabábolna;3465
Tiszabő;5232
Tiszacsege;4066
Tiszacsermely;3972
Tiszacsécse;4947
Tiszadada;4455
Tiszaderzs;5243
Tiszadob;4456
Tiszadorogma;3466
Tiszaeszlár;4446
Tiszaeszlár;4464
Tiszaföldvár;5430
Tiszaföldvár;5461
Tiszafüred;5350
Tiszafüred;5358
Tiszafüred;5359
Tiszagyenda;5233
Tiszagyulaháza;4097
Tiszaigar;5361
Tiszainoka;5464
Tiszajenő;5094
Tiszakanyár;4493
Tiszakarád;3971
Tiszakerecseny;4834
Tiszakeszi;3458
Tiszakécske;6060
Tiszakécske;6062
Tiszakóród;4946
Tiszakürt;5471
Tiszaladány;3929
Tiszalök;4447
Tiszalök;4450
Tiszalúc;3565
Tiszamogyorós;4645
Tiszanagyfalu;4463
Tiszanána;3385
Tiszapalkonya;3587
Tiszapüspöki;5211
Tiszaroff;5234
Tiszarád;4503
Tiszasas;5474
Tiszaszalka;4831
Tiszaszentimre;5322
Tiszaszentimre;5323
Tiszaszentmárton;4628
Tiszasziget;6756
Tiszaszőlős;5244
Tiszasüly;5061
Tiszatardos;3928
Tiszatarján;3589
Tiszatelek;4486
Tiszatelek;4487
Tiszatenyő;5082
Tiszaug;6064
Tiszavalk;3464
Tiszavasvári;4440
Tiszavid;4832
Tiszavárkony;5092
Tiszavárkony;5095
Tiszaörs;5362
Tiszaújváros;3580
Tisztaberek;4969
Tivadar;4921
Tokaj;3910
Tokod;2531
Tokodaltáró;2532
Tokorcs;9561
Tolcsva;3934
Told;4117
Tolmács;2657
Tolna;7130
Tolna;7131
Tolnanémedi;7083
Tomajmonostora;5324
Tomor;3787
Tompa;6422
Tompaládony;9662
Tordas;2463
Tormafölde;8876
Tormás;7383
Tormásliget;9736
Tornabarakony;3765
Tornakápolna;3761
Tornanádaska;3767
Tornaszentandrás;3765
Tornaszentjakab;3769
Tornyiszentmiklós;8877
Tornyosnémeti;3877
Tornyospálca;4642
Torony;9791
Torvaj;8660
Trizs;3724
Tunyogmatolcs;4731
Tura;2194
Tuzsér;4623
Tyukod;4762
Táborfalva;2381
Tác;8121
Tákos;4845
Tállya;3907
Táp;9095
Tápióbicske;2764
Tápiógyörgye;2767
Tápiószecső;2251
Tápiószele;2766
Tápiószentmárton;2711
Tápiószőlős;2769
Tápióság;2253
Táplánszentkereszt;9761
Tápszentmiklós;9094
Tárkány;2943
Tárkány;2945
Tárnok;2461
Tárnokréti;9165
Táska;8696
Tát;2534
Tázlár;6236
Téglás;4243
Tékes;7381
Tényő;9111
Tépe;4132
Tés;8109
Tésa;2636
Tésenfa;7843
Téseny;7834
Tét;9100
Tóalmás;2252
Tófalu;3354
Tófej;8946
Tófű;7348
Tószeg;5091
Tótkomlós;5940
Tótszentgyörgy;7981
Tótszentmárton;8865
Tótszerdahely;8864
Tótvázsony;8246
Tótújfalu;7918
Tök;2073
Tököl;2316
Töltéstava;9086
Tömörd;9738
Tömörkény;6646
Törtel;2747
Törökbálint;2045
Törökkoppány;7285
Törökszentmiklós;5200
Törökszentmiklós;5212
Töttös;7755
Túristvándi;4944
Túrkeve;5420
Túrony;7811
Túrricse;4968
Türje;8796
Tüskevár;8477
Udvar;7718
Udvari;7066
Ugod;8564
Ukk;8347
Und;9464
Uppony;3622
Ura;4763
Uraiújfalu;9651
Uszka;4952
Uszód;6332
Uzsa;8321
Vadna;3636
Vadosfa;9346
Vaja;4562
Vajdácska;3961
Vajszló;7838
Vajta;7041
Valkonya;8885
Valkó;2114
Vanyarc;2688
Vanyola;8552
Varbó;3778
Varbóc;3756
Varga;7370
Varsád;7067
Varsány;3178
Varászló;8723
Vasad;2211
Vasalja;9921
Vasasszonyfa;9744
Vasboldogasszony;8914
Vasegerszeg;9661
Vashosszúfalu;9674
Vaskeresztes;9795
Vaskút;6521
Vasmegyer;4502
Vaspör;8998
Vassurány;9741
Vasszentmihály;9953
Vasszilvágy;9747
Vasszécseny;9763
Vasvár;9800
Vaszar;8542
Vatta;3431
Vecsés;2220
Vejti;7838
Vekerd;4143
Velem;9726
Velemér;9946
Velence;2481
Velény;7951
Vereb;2477
Veresegyház;2112
Verpelét;3351
Verseg;2174
Versend;7752
Verőce;2621
Veszkény;9352
Veszprém;8200
Veszprém;8411
Veszprém;8412
Veszprémfajsz;8248
Veszprémgalsa;8475
Veszprémvarsány;8438
Vezseny;5093
Vid;8484
Vigántpetend;8294
Villány;7773
Villánykövesd;7772
Vilmány;3891
Vilonya;8194
Vilyvitány;3991
Vindornyafok;8354
Vindornyalak;8353
Vindornyaszőlős;8355
Vinár;9534
Visegrád;2025
Visegrád;2026
Visnye;7533
Visonta;3271
Visonta;3272
Viss;3956
Visz;8681
Viszló;3825
Visznek;3293
Viszák;9932
Vitnyéd;9371
Vizslás;3128
Vizsoly;3888
Vokány;7768
Vonyarcvashegy;8314
Vác;2600
Vácduka;2167
Vácegres;2184
Váchartyán;2164
Váckisújfalu;2185
Vácrátót;2163
Vácszentlászló;2115
Vág;9327
Vágáshuta;3992
Vál;2473
Vállaj;4351
Vállus;8316
Vámosatya;4936
Vámoscsalád;9665
Vámosgyörk;3291
Vámosmikola;2635
Vámosoroszi;4966
Vámospércs;4287
Vámosszabadi;9061
Vámosszabadi;9064
Vámosújfalu;3941
Váncsod;4119
Várad;7973
Váralja;7354
Váraszó;3254
Várbalog;9243
Várda;7442
Várdomb;7146
Várfölde;8891
Várgesztes;2824
Várkesző;8523
Várong;7214
Városföld;6033
Városlőd;8445
Várpalota;8100
Várvölgy;8316
Vászoly;8245
Vásárosbéc;7926
Vásárosdombó;7362
Vásárosfalu;9343
Vásárosmiske;9552
Vásárosnamény;4800
Vásárosnamény;4803
Vásárosnamény;4804
Vát;9748
Vázsnok;7370
Vécs;3265
Végegyháza;5811
Vékény;7333
Véménd;7726
Vének;9062
Vép;9751
Vértesacsa;8089
Vértesboglár;8085
Vérteskethely;2859
Vértessomló;2823
Vértesszőlős;2837
Vértestolna;2833
Vése;8721
Vésztő;5530
Vízvár;7588
Vöckönd;8931
Völcsej;9462
Vönöck;9516
Vörs;8711
Vöröstó;8291
Zabar;3124
Zagyvarékas;5051
Zagyvaszántó;3031
Zajk;8868
Zajta;4974
Zala;8660
Zalaapáti;8741
Zalabaksa;8971
Zalaboldogfa;8992
Zalabér;8798
Zalacsány;8782
Zalacséb;8996
Zalaegerszeg;8900
Zalaegerszeg;8904
Zalaerdőd;8344
Zalagyömörő;8349
Zalahaláp;8308
Zalaháshágy;8997
Zalaigrice;8761
Zalaistvánd;8932
Zalakaros;8749
Zalakomár;8751
Zalakomár;8752
Zalaköveskút;8354
Zalalövő;8999
Zalameggyes;8348
Zalamerenye;8747
Zalaszabar;8743
Zalaszegvár;8476
Zalaszentbalázs;8772
Zalaszentgrót;8785
Zalaszentgrót;8789
Zalaszentgrót;8790
Zalaszentgrót;8795
Zalaszentgyörgy;8994
Zalaszentiván;8921
Zalaszentjakab;8827
Zalaszentlászló;8788
Zalaszentlőrinc;8921
Zalaszentmihály;8936
Zalaszentmárton;8764
Zalaszombatfa;8969
Zalaszántó;8353
Zalasárszeg;8756
Zalatárnok;8947
Zalavár;8392
Zalavég;8792
Zalaújlak;8822
Zalkod;3957
Zaláta;7839
Zamárdi;8621
Zaránk;3296
Zebecke;8957
Zebegény;2627
Zemplénagárd;3977
Zengővárkony;7720
Zichyújfalu;8112
Zics;8672
Ziliz;3794
Zimány;7471
Zirc;8420
Zomba;7173
Zsadány;5537
Zsana;6411
Zsarolyán;4961
Zsebeháza;9346
Zselickisfalud;7477
Zselickislak;7400
Zselicszentpál;7474
Zsennye;9766
Zsira;9476
Zsombó;6792
Zsujta;3897
Zsurk;4627
Zsáka;4142
Zsámbok;2116
Zsámbék;2072
Zsédeny;9635
Zubogy;3723
Zádor;7976
Zádorfalva;3726
Záhony;4625
Zákány;8852
Zákányfalu;8853
Zákányszék;6787
Zámoly;8081
Zánka;8251
Závod;7182
Zók;7671
Ábrahámhegy;8256
Ács;2941
Ácsteszér;2887
Ádánd;8653
Ág;7381
Ágasegyháza;6076
Ágfalva;9423
Álmosd;4285
Áporka;2338
Ároktő;3467
Árpádhalom;6623
Árpás;9132
Ártánd;4115
Ásotthalom;6783
Ásványráró;9177
Ászár;2881
Áta;7763
Átány;3371
Écs;9083
Égerszög;3757
Érd;2030
Érpatak;4245
Érsekcsanád;6347
Érsekhalma;6348
Érsekvadkert;2659
Értény;7093
Óbarok;2063
Óbudavár;8272
Óbánya;7695
Ócsa;2364
Ócsárd;7814
Ófalu;7695
Ófehértó;4558
Óföldeák;6923
Óhíd;8342
Ólmod;9733
Ónod;3551
Ópusztaszer;6767
Ópályi;4821
Ózd;3600
Ózd;3604
Ózd;3621
Ózd;3625
Ózd;3651
Ózd;3661
Ózd;3662
Ózdfalu;7836
Öcs;8292
Öcsöd;5451
Ököritófülpös;4755
Ölbő;9621
Ömböly;4373
Öregcsertő;6311
Öreglak;8697
Örkény;2377
Örményes;5222
Örménykút;5556
Örvényes;8242
Öskü;8191
Öttevény;9153
Öttömös;6784
Ötvöskónyi;7511
Újbarok;2066
Újcsanálos;3716
Újdombrád;4491
Újfehértó;4244
Újhartyán;2367
Újireg;7095
Újiráz;4146
Újkenéz;4635
Újkér;9472
Újkígyós;5661
Újlengyel;2724
Újléta;4288
Újlőrincfalva;3387
Újpetre;7766
Újrónafő;9244
Újsolt;6321
Újszalonta;5727
Újszentiván;6754
Újszentmargita;4065
Újszilvás;2768
Újszász;5052
Újtelek;6337
Újtikos;4096
Újudvar;8778
Újvárfalva;7436
Úny;2528
Úrhida;8142
Úri;2244
Úrkút;8409
Üllés;6794
Üllő;2225
Üröm;2096
Őcsény;7143
Őr;4336
Őrbottyán;2162
Őrhalom;2671
Őrimagyarósd;9933
Őriszentpéter;9941
Őrtilos;8854
Ősagárd;2610
Ősi;8161
